"Organization", "Name", "LinkedIn", "Designation", "Tags", "Location", "Twitter", "Class"
superpower-d964,Alix Smithson,https://www.linkedin.com/in/alixsmithson,Business Development Manager,"Manager
Marketing",,,A
superpower-d964,Bernice Ruzzo,https://www.linkedin.com/in/bernice-ruzzo-70348727,Accounting & Administration Manager,"Manager
Finance",,,A
superpower-d964,Boiteko Lesetedi,https://www.linkedin.com/in/boiteko-lesetedi-378522a6,Sales Manager,"Manager
Sales",,,A
superpower-d964,Richard Pasquini,https://www.linkedin.com/in/richard-pasquini-285b862b,Associate Manager Manufacturing and Engineering,"Manager
Engineering",,,A
superpower-d964,Art Kazanjian,https://www.linkedin.com/in/art-kazanjian-28653129,GM,"Non-Management
Management",,,A
superpower-d964,Yifei Zhang,https://www.linkedin.com/in/zhangyifei,Vice President of R&D,"Non-Management
Engineering",,,A
superpower-d964,Max Marchione,,Founder,,,https://www.twitter.com/maxmarchione,B
roga-life,Ami Lebendiker,https://www.linkedin.com/in/amileb,Founder & CEO,"Non-Management, Executive
Management",,,A
roga-life,Cherednichenko Alexander,https://www.linkedin.com/in/cherednichenko-alexander-b6519711,"Risk, Safety, Compliance",Non-Management,,,A
roga-life,Leo Solovyov,https://www.linkedin.com/in/leo-solovyov-9ab76843,Business Management,Manager,,,A
roga-life,Jody Rogac,https://www.linkedin.com/in/jody-rogac-89224128,"Publishing, Editorial and Reporting",Non-Management,,,A
roga-life,Alison Smith,,Chief Scientist,,,https://twitter.com/crunchbase,B
roga-life,Ami Lebendiker,https://www.linkedin.com/in/ami-lebendiker-b0174226/,CEO,,"San Francisco, California, United States",https://twitter.com/crunchbase,B
samphire-neuroscience,Ervinas Bernatavicius,https://www.linkedin.com/in/ervinas-bernatavicius-a75b3536,Engineering Lead,"Manager
Engineering",,,A
trueclaim-ff70,Barbora P Howell,,CEO and Co-Founder,,,https://twitter.com/crunchbase,B
trueclaim-ff70,Bobby (Robert) Bayer,,Co-Founder and CTO,,,https://twitter.com/crunchbase,B
deep-breath,Jeffrey Golde,https://www.linkedin.com/in/jeffrey-golde,Business Management,Non-Management,,,A
deep-breath,Matthew Kennis,https://www.linkedin.com/in/matthew-kennis-db,Business Management,Non-Management,,,A
deep-breath,Daria Kozlova,,CMO,,,https://twitter.com/crunchbase,B
deep-breath,Anton Balakirev,,CEO,,,https://twitter.com/crunchbase,B
dynatech-a2af,Antal Suto,https://www.linkedin.com/in/antal-suto-ba28a729,Engineering,"Non-Management
Engineering",,,A
dynatech-a2af,Collin Caston,https://www.linkedin.com/in/collin-caston-74a67451,Engineering,"Non-Management
Engineering",,,A
dynatech-a2af,Darja Margina,https://www.linkedin.com/in/darja-margina-a510b1122,Marketing and Product,Non-Management,,,A
dynatech-a2af,L.W. Yandell,https://www.linkedin.com/in/l-w-yandell-06824816,Business Management,Non-Management,,,A
dynatech-a2af,Massood Homayun,https://www.linkedin.com/in/massood-homayun-59342215,Business Management,Non-Management,,,A
dynatech-a2af,Rex Blevins,https://www.linkedin.com/in/rex-blevins-95519113,Sales and Support,Non-Management,,,A
dynatech-a2af,Tony Suto,https://www.linkedin.com/in/tony-suto-aab87623,Business Management,Non-Management,,,A
dynatech-a2af,Wissam Naamani,https://www.linkedin.com/in/wissam-naamani-45a155b,Engineering,"Non-Management
Engineering",,,A
dynatech-a2af,Sayyed Husain,https://www.linkedin.com/in/sayyed-moin-husain-35a99839,Graphic Designer,Operations,,,A
dynatech-a2af,Muzamil Bashir,,CEO,,,https://twitter.com/crunchbase,B
dynatech-a2af,Bashir Ahmad,,CFO,,,https://twitter.com/crunchbase,B
preactiv,Alec Snow,https://www.linkedin.com/in/alec-snow-b85358157,Co-Founder,,"Bristol, Bristol, City of, United Kingdom",https://twitter.com/crunchbase,B
preactiv,Rebecca Allam,https://www.linkedin.com/in/rebecca-allam-a859a41a9,Co-Founder,,"Bristol, Bristol, City of, United Kingdom",https://twitter.com/crunchbase,B
preactiv,Chris Cox,https://www.linkedin.com/in/chris-cox-2b5733b,Chief Technology Officer,,"London, England, United Kingdom",https://twitter.com/crunchbase,B
voda-3deb,Jaron Soh,https://www.jaron.co/,Co-founder & CEO,,"London, England, United Kingdom",https://twitter.com/crunchbase,B
carelane,Yannick Boerner,https://www.linkedin.com/in/yannick-boerner,CEO &CTO,,"New York, New York, United States",https://twitter.com/crunchbase,B
carelane,Gustav Vella,https://www.linkedin.com/in/gustav-v-69627428,"Co-Founder, CEO & CPO",,"Boston, Massachusetts, United States",https://twitter.com/crunchbase,B
kor,Khadija Benmansour,,COO,,,https://twitter.com/crunchbase,B
kor,Samuel Rozé,,CTO,,,https://twitter.com/crunchbase,B
kor,Sophie Agosta,,CEO,,,https://twitter.com/crunchbase,B
kor,Jérémy Gotteland,,Seed Investor,,"Paris, Ile-de-France, France",https://twitter.com/jgo2t,B
regenosca,Eva-Maria Balet,https://www.linkedin.com/in/eva-maria-balet-72561737,co-founder and COO,,"Lausanne, Vaud, Switzerland",https://twitter.com/crunchbase,B
metyos,Rémi Rousseau,https://www.facebook.com/remi.rousseau.106,Business Angel,,"Paris, Ile-de-France, France",https://www.twitter.com/goetz,B
jena-e3b0,Jean-Michel Chalayer,https://www.linkedin.com/in/jeanmichelc/,Co-founder & CEO,,"London, England, United Kingdom",https://twitter.com/crunchbase,B
jena-e3b0,Nabil Freeman,,Co-Founder,,,https://twitter.com/crunchbase,B
opto-biosystems,Ben Woodington,https://www.facebook.com/bwoodington,CEO and Co-Founder,,"Cambridge, Cambridgeshire, United Kingdom",https://www.twitter.com/WoodingtonBen,B
opto-biosystems,Elise Jenkins,https://www.facebook.com/elise.jenkins.35,Co-Founder and CTO,,"Cambridge, Cambridgeshire, United Kingdom",https://www.twitter.com/Elise__Jenkins,B
empower-sleep,Maksim Golivkin,https://www.linkedin.com/in/maksimgolivkin,CTO / Founding Engineer,"Non-Management
Engineering",,,A
empower-sleep,Sahil Chopra,https://empowersleep.com/,"Co-founder, CEO",,"Irvine, California, United States",https://twitter.com/crunchbase,B
healthtech-1,Lydia van Hamel-Parsons,https://www.linkedin.com/in/lydia-van-hamel-parsons,Healthcare,Non-Management,,,A
healthtech-1,Pete Huang,,Head of product & Co-founder,,,https://twitter.com/PeteJayHuang,B
andy-ai-06e0,Max Akhterov,,CTO and Co-founder,,,https://twitter.com/crunchbase,B
andy-ai-06e0,Tiantian Zha,,CEO and Cofounder,,,https://twitter.com/crunchbase,B
dandi-fertility,Marni Katz Zimmerman,,Co-Founder and Advisor,,,https://twitter.com/crunchbase,B
dandi-fertility,Leyla Bilali,https://www.facebook.com/leyahmadi,Co-Founder and Chief Clinical Officer,,"Hoboken, New Jersey, United States",https://twitter.com/crunchbase,B
dandi-fertility,Jake Kent,https://www.facebook.com/jacob.kent.927,Co-Founder and CEO,,"New York, New York, United States",https://twitter.com/crunchbase,B
juniver,Amelie Guyot,https://www.linkedin.com/in/ameliepandraud,Finance and Administration,Non-Management,,,A
granza-bio,Ashwin Nandakumar,,Founder and CEO,,,https://twitter.com/crunchbase,B
granza-bio,Ashwin Jainarayanan,,Founder and CSO,,,https://twitter.com/crunchbase,B
maven-health,Kevin Hof,,co-CEO & CTO,,,https://twitter.com/crunchbase,B
gleam-care,Oliver Keh,https://www.linkedin.com/in/oliver-keh,Founder and CEO,,"Seattle, Washington, United States",https://twitter.com/crunchbase,B
vitvio,Thomas Knox,https://www.linkedin.com/in/thomas-knox,ProductTank Founder & Co-Organizer,"Executive
Management",,,A
vitvio,David Kocian,https://www.linkedin.com/in/david-koci%C3%A1n-28b691144,Consulting,Non-Management,,,A
vitvio,Thomas Knox,https://www.linkedin.com/in/thomas-knox/,Founder & CEO,,"London, England, United Kingdom",https://twitter.com/crunchbase,B
vitvio,Maks Kozarzewski,https://www.linkedin.com/in/mjkozarzewski/,Co-Founder & COO,,"London, England, United Kingdom",https://twitter.com/crunchbase,B
vitvio,Peter Rennert,https://www.linkedin.com/in/peter-rennert-85264a72/,Co-founder & CTO,,"London, England, United Kingdom",https://twitter.com/crunchbase,B
vitvio,Aleksander Pajewski,https://www.linkedin.com/in/a-pajewski/,Co-founder & CPO,,"London, England, United Kingdom",https://twitter.com/crunchbase,B
crosby-health,Louis Ciano,https://www.linkedin.com/in/louisciano,Co-Founder & Chief Technology Officer,"Executive
Management",,,A
crosby-health,Louis Ciano,,Co-Founder,,,https://twitter.com/crunchbase,B
crosby-health,Rishi Gowda,https://www.crosbyhealth.com/,Co-founder/CEO,,"New York, New York, United States",https://twitter.com/RishiGowda19,B
cryogenx,Raj Tugnet,https://www.linkedin.com/in/rajtugnet,Sales and Support,Non-Management,,,A
cryogenx,Matt Anderson,https://www.facebook.com/mattrc.anderson,Founder and CEO,,"London, England, United Kingdom",https://twitter.com/crunchbase,B
adon-health,Maximilian Schubert,https://www.linkedin.com/in/max-adon,Co-Founder,,"Munich, Bayern, Germany",https://twitter.com/crunchbase,B
adon-health,Jonathan Apasu,https://www.facebook.com/jonathan.apasu,Co-Founder,,"Munich, Bayern, Germany",https://twitter.com/jonathanapasu,B
loophealth,Neto Nwogbo,https://www.facebook.com/profile.php?id=100071737157254,Co-Founder,,"Boston, Massachusetts, United States",https://twitter.com/crunchbase,B
loophealth,Gozzy Nwogbo,https://www.linkedin.com/in/gozzy-nwogbo-2846b3b7,Technical Co-Founder & Chief Technology Officer,,"Toronto, Ontario, Canada",https://twitter.com/crunchbase,B
loophealth,Joshua Obasohan,https://www.linkedin.com/in/joshua-obasohan-55ba80202,Co - Founder,,"Boston, Massachusetts, United States",https://twitter.com/crunchbase,B
circular-protocol,Gianluca De Novi,https://www.facebook.com/gdenovi,"Founder, CEO & CTO",,"Cambridge, Massachusetts, United States",https://www.twitter.com/gianlucadenovi,B
circular-protocol,David Cutler,https://www.davidcutler.net/,Co-Founder & Partnerships,,"Rockport, Massachusetts, United States",https://www.twitter.com/davidcutler,B
trova-health,Trey Nelson,https://www.linkedin.com/in/treyenelson,Technical Co-Founder,Management,,,A
trova-health,Dana Allison,https://www.linkedin.com/in/dana-allison-9129084,Founder and CEO,,"Asheville, North Carolina, United States",https://twitter.com/crunchbase,B
trova-health,Balaji Varanasi,https://www.linkedin.com/in/balajivaranasi/,CTO,,"Salt Lake City, Utah, United States",https://twitter.com/crunchbase,B
trova-health,Dr. Truida Botha,,Director of Clinical Operations,,,https://twitter.com/crunchbase,B
trova-health,Balaji Varanasi,https://www.linkedin.com/in/balajivaranasi/,CTO,,"Salt Lake City, Utah, United States",https://twitter.com/crunchbase,B
momentum-health-7931,Amy Dixson,https://www.linkedin.com/in/amy-dixson-87b63978,Healthcare,Non-Management,,,A
momentum-health-7931,Braden Beaver,https://www.linkedin.com/in/braden-beaver-4a894a129,Healthcare,Non-Management,,,A
momentum-health-7931,Bryan Christopher Moon,https://www.linkedin.com/in/bryanchristophermoon,Education,Non-Management,,,A
momentum-health-7931,"Karen May, CCSP, CCIP, DC",https://www.linkedin.com/in/dr-karen-may-dc,Business Management,Non-Management,,,A
momentum-health-7931,Lindy Camardella,https://www.linkedin.com/in/lindy-camardella-948ba17,Healthcare,Non-Management,,,A
momentum-health-7931,Mackenzie Wilson,https://www.linkedin.com/in/mackenziebwilson,Sales and Support,Non-Management,,,A
momentum-health-7931,Sylvain Le Beux,https://www.linkedin.com/in/sylvain-le-beux-b8b21449,Information Technology,"Non-Management
Information Technology",,,A
simmunome-ai,Armstrong Murira,https://www.linkedin.com/in/armstrong-murira-a080b223,Marketing and Product,Manager,,,A
simmunome-ai,Nardin Nakhla,https://www.facebook.com/nardin.nakhla,CTO and Co-Founder,,"Montréal, Quebec, Canada",https://twitter.com/crunchbase,B
attest-laboratories,David O'Brien,https://www.linkedin.com/in/david-obrien,President and Founder,,"Toronto, Ontario, Canada",https://twitter.com/crunchbase,B
wave-view-imaging,Sarah Al-Sheikhly,https://www.linkedin.com/in/sarahal-sheikhly,Senior Manager Business Operations,"Manager
Operations",,,A
wave-view-imaging,Marissa Bennett,https://www.linkedin.com/in/marissaviewimaging,Sales and Support,Director,,,A
wave-view-imaging,AJ Sartor,https://www.linkedin.com/in/ajsartorphoto,Business Management,Manager,,,A
wave-view-imaging,Naomi Rivas,https://www.linkedin.com/in/naomi-rivas-5031284,Business Management,Manager,,,A
wave-view-imaging,Chloé Callahan,https://www.linkedin.com/in/chloecallahan,Marketing and Product,Non-Management,,,A
wave-view-imaging,Karl-Dimitri Garde Due,https://www.linkedin.com/in/karldimitri,Engineering,"Non-Management
Engineering",,,A
wave-view-imaging,Leah Muhlenfeld,https://www.linkedin.com/in/leahmuhlenfeld,Marketing and Product,Non-Management,,,A
wave-view-imaging,View Imaging,https://www.linkedin.com/in/view-imaging-2ba62723,Marketing and Product,Non-Management,,,A
wave-view-imaging,VIEW imaging,https://www.linkedin.com/in/view-imaging-06523a10,Business Management,Non-Management,,,A
wave-view-imaging,Zeana Llamas (she/her),https://www.linkedin.com/in/llamaz,Marketing and Product,Non-Management,,,A
icardio-ai,Roman Sandler,https://www.linkedin.com/in/roman-sandler,Chief Scientist and Cofounder,"Non-Management, Executive
Engineering",,,A
icardio-ai,Thomas Biggs,https://www.linkedin.com/in/thomas-a-biggs-md-78054118,Chief Medical Officer,"Executive
Management",,,A
icardio-ai,Daniel Sokol,https://www.linkedin.com/in/daniel-sokol-b69b0a10b,Software Engineer,"Non-Management
Engineering",,,A
icardio-ai,Joseph Sokol,https://www.linkedin.com/in/joseph-sokol-ab5515126,CEO & Founder,"Executive
Management",,,A
icardio-ai,Joseph Sokol,,Founder and CEO,,,https://twitter.com/crunchbase,B
icardio-ai,Jacob Nerenberg,,COO,,,https://twitter.com/crunchbase,B
kismet-health,Kim Williamson,https://www.linkedin.com/in/kim-williamson-0a14006,Creative Director,"Director
Marketing",,,A
kismet-health,Jeremy Gouveia,https://www.linkedin.com/in/jeremygouveia,Chief Executive Officer,"Non-Management
Management",,,A
voicemed,Arianna Arienzo,https://www.linkedin.com/in/arienzoarianna,Business Management,Non-Management,,,A
voicemed,Arianna Arienzo,,Founder & CEO,,,https://twitter.com/crunchbase,B
emely-ai,Kevin McDonald,https://www.linkedin.com/in/kevin-mcdonald-08346077,Vice President of Technology,"Non-Management
Information Technology",,,A
aster-f110,Fifi Kara,https://heyfifi.com/,Co-Founder & CEO,,"San Francisco, California, United States",https://twitter.com/crunchbase,B
nanograb,Shanil Panara,,Silico lead,,,https://www.twitter.com/shanilpanara,B
nanograb,Debesh Mandal,,CEO,,,https://www.twitter.com/debesh_man,B
lifestylerx,Jason Kerkvliet,https://www.linkedin.com/in/jason-kerkvliet-292685107,Business Management,Non-Management,,,A
lifestylerx,Brendan Byrne,,Co-founder and Chief Medical Officer,,,https://twitter.com/crunchbase,B
lifestylerx,Jason Kerkvliet,,Co-Founder and CEO,,,https://twitter.com/crunchbase,B
lifestylerx,Daniel Pfingstgraef,,Co-Founder and CTO,,,https://twitter.com/crunchbase,B
lifestylerx,Jack Hilliard,,Co-Founder & COO,,,https://twitter.com/crunchbase,B
preactiv,Alec Snow,https://www.linkedin.com/in/alec-snow-b85358157,Co-Founder,,"Bristol, Bristol, City of, United Kingdom",https://twitter.com/crunchbase,B
preactiv,Rebecca Allam,https://www.linkedin.com/in/rebecca-allam-a859a41a9,Co-Founder,,"Bristol, Bristol, City of, United Kingdom",https://twitter.com/crunchbase,B
preactiv,Chris Cox,https://www.linkedin.com/in/chris-cox-2b5733b,Chief Technology Officer,,"London, England, United Kingdom",https://twitter.com/crunchbase,B
smarter-diagnostics,Bartosz Borucki,,Board Member,,,https://twitter.com/crunchbase,B
smarter-diagnostics,Norbert Kapiński,,Board Member,,,https://twitter.com/crunchbase,B
afford-health,Nelson Mitchell,,Founder and CEO,,,https://twitter.com/crunchbase,B
zeph-technologies,Kate Graff-Radford,https://www.linkedin.com/in/kategraffradford,Marketing and Product,Director,,,A
zeph-technologies,Brian Mubili,https://www.linkedin.com/in/brian-mubili-21198481,Finance and Administration,Non-Management,,,A
zeph-technologies,Mimi Gendreau Kigawa,https://www.linkedin.com/in/mimigendreaukigawa,Business Management,Non-Management,,,A
complete-wellness-solutions,Chuck Zumbrun,https://www.linkedin.com/in/chuckzumbrun,Chief Technology Officer,"Executive
Management",,,A
complete-wellness-solutions,Jason Edgar,https://www.linkedin.com/in/jason-edgar-67214a45,Business Management,Manager,,,A
complete-wellness-solutions,Linda Passmore,,Founder and CEO,,,https://twitter.com/crunchbase,B
anaphero,Jeffrey Lamothe,,CTO and co- founder,,,https://twitter.com/crunchbase,B
anaphero,Ryan Gallagher,,CEO and Co-Founder,,,https://twitter.com/rgallaghermd?lang=en,B
sequence2script,Chad Bousman,https://www.linkedin.com/in/chad-bousman-0b1410a,CEO/Founder,"Executive
Management",,,A
hona-ai,Adam Steinle,,CEO,,,https://twitter.com/crunchbase,B
hona-ai,Shuying Zhang,,CTO,,,https://twitter.com/crunchbase,B
hona-ai,Danielle J. Yoesep,,COO,,,https://twitter.com/djyoesep?lang=en,B
pandan,Ihsaan Patel,,Co-Founder & CEO,,,https://twitter.com/crunchbase,B
kips-health,Kristyn Ciarlariello,https://www.linkedin.com/in/kristyn-ciarlariello-2319969,Senior Vice President of Lab Services,Non-Management,,,A
kips-health,Angelique Belot,https://www.linkedin.com/in/angelique-belot,"Director, Client Support - RCM",Director,,,A
kips-health,Richard Abujasen,https://www.linkedin.com/in/richard-abujasen-21409ba0,Director of Support - EMR,Director,,,A
kips-health,Casey Aldridge,https://www.linkedin.com/in/caseyaldridge,Senior Manager Talent Acquisition,"Manager
Human Resources",,,A
kips-health,Ian O'Connell,https://www.linkedin.com/in/ian-o-connell-668ba4186,Client Support Manager,Manager,,,A
kips-health,Jennifer Laguardia,https://www.linkedin.com/in/jennifer-laguardia-90761a164,Collections Manager,Manager,,,A
kips-health,Justine Tran,https://www.linkedin.com/in/justine-tran-bba333172,Implementation Manager,"Manager
Engineering",,,A
kips-health,Kendall Snow,https://www.linkedin.com/in/kendall-snow-196039105,Enterprise Success Manager,Manager,,,A
kips-health,Liz Swetnam,https://www.linkedin.com/in/elizabeth-swetnam-0439717,Enterprise Customer Success Manager,Manager,,,A
kips-health,Phillip Smith,https://www.linkedin.com/in/phillip-b-smith-profile,Product Manager,Manager,,,A
kips-health,Jarrett Perkins,,CEO,,,https://www.twitter.com/jarrett_perkins,B
simbie-health,Rachel O Driscoll,,COO,,,https://twitter.com/crunchbase,B
simbie-health,Natalia Perina,,CTO,,,https://twitter.com/crunchbase,B
simbie-health,Natalia Neha Khosla,,CEO,,,https://twitter.com/crunchbase,B
health-harbor,Nathan Amin,https://www.linkedin.com/in/nathan-amin-06a60469,CPO/Co-Founder,"Non-Management, Executive
Management",,,A
health-harbor,Alan Liu,https://www.linkedin.com/in/alanliu96,Business Management,Non-Management,,,A
health-harbor,Nathan Amin,,CPO,,,https://twitter.com/crunchbase,B
health-harbor,Alan Liu,,CEO,,,https://www.twitter.com/AlanLiu96,B
scritch,Claire Lee,,Co-founder & CEO,,,https://twitter.com/sk_clairelee,B
scritch,Rachel Lee,,Co-Founder & CTO,,,https://twitter.com/crunchbase,B
mango-health-1713,Zachary Gittelman,,Co-Founder and CTO,,,https://twitter.com/crunchbase,B
mango-health-1713,Jamison Mercurio,,Co-Founder and CEO,,,https://twitter.com/crunchbase,B
radmate-ai,Adam Skrocki,,"Co-Founder, CTO",,,https://twitter.com/crunchbase,B
radmate-ai,Mohamed Khalifa,,Co-Founder & CEO,,,https://twitter.com/MohamedK6565,B
selera-medical,Stacie Arechavala,,Co-founder and CEO,,,https://twitter.com/crunchbase,B
selera-medical,Kevin Bui,,Co-founder and CTO,,,https://twitter.com/crunchbase,B
beaming-health,Philip McHugh,https://www.linkedin.com/in/philip-mchugh-77957913b,Operations,"Director
Operations",,,A
beaming-health,Christopher Olmanson,https://www.linkedin.com/in/christopher-olmanson,Business Management,Non-Management,,,A
beaming-health,"Marissa ""Missy"" Pittard",https://www.linkedin.com/in/marissapittard,Consulting,Non-Management,,,A
altheia-predictive-health,Sushmeeta Jolly Nanda,,CEO/CO-Founder,,,https://twitter.com/crunchbase,B
altheia-predictive-health,Barbara Hayes,,Chief Growth Officer/Co-Founder,,,https://twitter.com/crunchbase,B
altheia-predictive-health,Lisa Fridland,,"Chief Operating Officer, Co-Founder",,,https://twitter.com/crunchbase,B
somnapp,Shawn Shivdat,https://www.facebook.com/shawnshivdat,CEO,,"Cambridge, Massachusetts, United States",https://twitter.com/crunchbase,B
eris-biotech,Evita Weagel,,Co-Founder & CEO,,,https://twitter.com/crunchbase,B
miracle-c0b5,Jin Kim,https://jinkim.xyz/,Founder and CEO,,"San Francisco, California, United States",https://twitter.com/crunchbase,B
beginly-health,Kristi Olsen,,Chief Strategy Officer,,,https://twitter.com/crunchbase,B
beginly-health,Stephanie Grein,,CEO,,,https://twitter.com/crunchbase,B
beginly-health,Sean Shoffstall,,Chief Product and Technology Officer,,,https://twitter.com/shoffstall,B
juxta-96e9,Hasan Aybars Ari,,Founder and CTO,,,https://twitter.com/crunchbase,B
juxta-96e9,John Ferrara,,Founder and CEO,,,https://twitter.com/crunchbase,B
attunement,Briar Smith,,CTO and Cofounder,,,https://twitter.com/crunchbase,B
attunement,Angelia Muller,,CEO and co-founder,,"San Francisco, California, United States",https://twitter.com/lokosbasilisk?lang=en,B
medon-b42b,Roberts Lasovskis,https://www.facebook.com/roberts.lasovskis,Co-Founder & CEO,,"Latvia, Europe",https://www.twitter.com/Roberts_Las,B
medon-b42b,Martin Eagle,,Health care manager & founder,,"Riga, Riga, Latvia",https://twitter.com/crunchbase,B
medon-b42b,Andrejs Mironovs,https://www.linkedin.com/in/andrejs-mironovs-3781569b,Co-Founder,,"Riga, Latvia, Europe",https://twitter.com/crunchbase,B
medon-b42b,Helvey Henschel,,Founder,,"Riga, Riga, Latvia",https://twitter.com/crunchbase,B
aurasense,David Charlot,https://www.linkedin.com/in/dcharlot,"Head of Product, CEO & Founder","Non-Management, Executive
Management",,,A
aurasense,Daniel Smith,,Chief Digital Health Officer,,,https://twitter.com/crunchbase,B
aurasense,Amber Ivey,,Co founder and President,,,https://twitter.com/crunchbase,B
aurasense,David Charlot,,"Head of Product, CEO & Founder",,,https://twitter.com/crunchbase,B
remote-coach,Ben Camara,https://www.linkedin.com/in/ben-camara-410124a/,Founder and CEO,,"London, England, United Kingdom",https://twitter.com/bencamara,B
ai-optics,Robert Tomek,https://www.linkedin.com/in/rtomek,Engineering,"Non-Management
Engineering, Management",,,A
ai-optics,Andrew DiGiore,https://www.linkedin.com/in/drewdig,Cofounder & COO,"Non-Management, Executive
Operations",,,A
ai-optics,Luke Moretti,https://www.linkedin.com/in/luke-moretti-1954541a9,Co-Founder & CEO,"Executive
Management",,,A
ai-optics,Max Colbert,https://www.linkedin.com/in/max-colbert-md-mba,Research and Medical Strategy Lead,"Manager
Engineering",,,A
ai-optics,Utkarsh Sharma,https://www.linkedin.com/in/utkarshsharma1,Chief Technology Officer,"Non-Management
Engineering",,,A
ai-optics,Luke Moretti,https://www.linkedin.com/in/lukemoretti,Business Management,Non-Management,,,A
ai-optics,Sagar Soni,https://www.linkedin.com/in/sagarssoni,Engineering,"Non-Management
Engineering",,,A
ai-optics,Shiva Sanketh Ramagiri Mathad,https://www.linkedin.com/in/shivasanketh-rm,Engineering,"Non-Management
Engineering",,,A
ai-optics,Andrew DiGiore,https://www.linkedin.com/in/drewdig,Co-Founder & COO,,"New York, New York, United States",https://twitter.com/crunchbase,B
ai-optics,Luke Moretti,https://www.linkedin.com/in/lukemoretti,Co-Founder & CEO,,"Scarsdale, New York, United States",https://twitter.com/crunchbase,B
obento-health,Naxin Wang,https://www.linkedin.com/in/naxinwang,"Co-Founder, CEO","Executive
Management",,,A
obento-health,Rodrigo Gutierrez,https://www.linkedin.com/in/rodgutierrez,CTO and Co-Founder,"Executive
Engineering",,,A
obento-health,Rodrigo Gutierrez,,Co-founder and CTO,,,https://twitter.com/rawdrigo,B
obento-health,Naxin Wang,,Co-founder and CEO,,,https://twitter.com/crunchbase,B
aminochain,Caspar Barnes,,Founder,,,https://twitter.com/crunchbase,B
cleancard,Luca Springer,,CEO & Founder,,,https://twitter.com/crunchbase,B
cleancard,Thomas Carroll,,CSO & Co-founder,,,https://twitter.com/crunchbase,B
carl-de34,Niclas Sellebraten,https://www.facebook.com/johanssondelux,Creative Director & Co-Founder,,"Stockholm, Stockholms Lan, Sweden",https://www.twitter.com/Sellebraten,B
carl-de34,Farid Chaouki,https://www.facebook.com/farid.chaouki,CEO & CoFounder,,"Barcelona, Catalonia, Spain",http://twitter.com/faridchaouki,B
tissuelabs,Tácia Liguori,https://www.linkedin.com/in/tacialiguori,Business Management,"Non-Management
Operations",,,A
tissuelabs,Gabriel Liguori,https://web.facebook.com/GabrielLiguori,Founder and CEO,,"São Paulo, Sao Paulo, Brazil",https://twitter.com/GabrielLiguori,B
tissuelabs,Emerson Moretto,https://www.linkedin.com/in/emersonmoretto/,Co-Founder,,"São Paulo, Sao Paulo, Brazil",https://twitter.com/crunchbase,B
tissuelabs,Tácia Liguori,https://www.linkedin.com/in/tacialiguori,Chief Scientific Officer and Chief of Staff,,"São Paulo, Sao Paulo, Brazil",https://twitter.com/crunchbase,B
decoda-health,Daniyal Afzal,,CEO & Founder,,,https://twitter.com/crunchbase,B
dapper-care,David Pachkofsky,https://www.linkedin.com/in/davidpachkofsky,Founder & Chief Executive Officer,"Executive
Sales",,,A
dapper-care,Chris Putnam,https://www.linkedin.com/in/chris-putnam-29458637,Director of Business Development,Director,,,A
dapper-care,David Pachkofsky,,Founder & CEO,,"Los Altos, California, United States",https://twitter.com/davidpachkofsky,B
paradocs-health,Omar Mohtar,https://www.linkedin.com/in/omar-mohtar-md-phd-887976149,Founder & CEO,,"Houston, Texas, United States",https://twitter.com/crunchbase,B
paradocs-health,Dhini Nasution,https://www.facebook.com/dhini.nasution.49,"Founder, President & COO",,"Houston, Texas, United States",https://twitter.com/crunchbase,B
kivo-health,Clayton Williams,https://www.linkedin.com/in/claytonwwilliams,Consulting,Non-Management,,,A
kivo-health,Haley Pearce,https://www.linkedin.com/in/haley-pearce-9b0343160,Healthcare,Non-Management,,,A
kivo-health,Victor Sadauskas,https://www.linkedin.com/in/victorsadauskas,Cofounder / CEO,"Executive
Medical & Science",,,A
kivo-health,Vaughn Koch,https://www.linkedin.com/in/vaughnkoch/,Founder and CTO,,"Seattle, Washington, United States",https://twitter.com/vaughnkoch,B
kivo-health,Victor Sadauskas,https://www.linkedin.com/in/victorsadauskas/,Co-founder and CEO,,"San Francisco, California, United States",https://twitter.com/crunchbase,B
deepmirror,Shangfu Peng,https://www.linkedin.com/in/shangfu-peng-645b7231,"Founding Team, Infrastructure","Non-Management
Engineering",,,A
deepmirror,Yizi Wu,https://www.linkedin.com/in/wuyizi,Business Management,Non-Management,,,A
deepmirror,Ryan Greenhalgh,,CTO,,,https://twitter.com/crunchbase,B
deepmirror,Andrea Dimitracopoulos,,CPO,,,https://twitter.com/crunchbase,B
deepmirror,Max Jakobs,,CEO,,,https://twitter.com/crunchbase,B
onetwenty,Aous Khadhraoui,https://www.facebook.com/medaws.khadraoui,Machine Learning Engineer,,"Zürich, Zurich, Switzerland",https://www.twitter.com/medawskhadraoui,B
onetwenty,Fredrik Debong,https://about.me/fdebong,Chief Compliance Officer,,,http://twitter.com/fdebong,B
onetwenty,Michael Rottmann,,"CEO, CPO",,,https://twitter.com/netunion,B
healf-mx,Rafael Gutiérrez,,Head of Operations,,,https://twitter.com/crunchbase,B
healf-mx,Federico Fernández de la Regata Torres,,CEO and Founder,,,https://twitter.com/crunchbase,B
spoony,Nicholas Carlton,,CEO,,,https://twitter.com/crunchbase,B
spoony,Kenneth Liang,,CTO,,,https://twitter.com/crunchbase,B
kento-health,David Kent,https://www.linkedin.com/in/david-kent-35081620,Business Management,Non-Management,,,A
kento-health,Max Leca,https://www.linkedin.com/in/maxleca,Business Management,Non-Management,,,A
kento-health,Mike F.,https://www.linkedin.com/in/mike-furino-cpa-ca,Business Management,Non-Management,,,A
kento-health,Kris Matela,https://www.linkedin.com/in/kris-matela-3977b513,Education,Non-Management,,,A
the-convoy,Yasin Abbak,https://www.linkedin.com/in/yasinabbak,CEO / CoFounder,"Non-Management
Management",,,A
the-convoy,Yasin Abbak,https://www.facebook.com/YouFoundYasin,CEO / Founder,,"New York, New York, United States",https://twitter.com/youfoundyasin,B
the-convoy,Ceazarr Townsend,,CTO / Founder,,,https://twitter.com/crunchbase,B
the-convoy,Melanie Deziel,https://www.storyfuel.co/,"VP of Marketing, Co-Founder",,"Raleigh, North Carolina, United States",https://twitter.com/mdeziel,B
myomar-molecular,Alyne Teixeira,https://www.linkedin.com/in/alyne-teixeira,VP Research Scientist,"Non-Management
Management",,,A
myomar-molecular,Rafaela Andrade,https://myomarmolecular.ca/,Co-Founder and CEO,,"Halifax, Nova Scotia, Canada",https://twitter.com/crunchbase,B
grapefruit-health,Brandon Hedgspeth,https://www.linkedin.com/in/brandon-hedgspeth-dnp-mba-rn-fache-cpps-b1007495,Director of Clinical Services,"Director
Sales",,,A
grapefruit-health,Eric Alvarez,https://www.linkedin.com/in/eric-alvarez-grapefruithealth,Business Management,Non-Management,,,A
grapefruit-health,Eric Alvarez,https://www.linkedin.com/in/eric-alvarez-grapefruithealth/,Founder and CEO,,"Chicago, Illinois, United States",https://twitter.com/crunchbase,B
oatmeal-health,Jonathan Govette,https://www.linkedin.com/in/jonathangovette,Business Management,Non-Management,,,A
oatmeal-health,Ryan LaRanger PhD,https://www.linkedin.com/in/ryan-laranger-ph-d-a1761313,Technical Director,,"New Haven, Connecticut, United States",https://twitter.com/crunchbase,B
oatmeal-health,Yuri Ahuja MD,,CTO and Co-Founder,,,https://twitter.com/crunchbase,B
oatmeal-health,Jonathan Govette,https://oatmealhealth.com/,CEO and Co-Founder,,"San Francisco, California, United States",https://twitter.com/GovetteJonathan,B
oatmeal-health,Ashish Basuray PhD,https://oatmealhealth.com/,COO and Co-Founder,,"San Francisco, California, United States",https://twitter.com/AshishBasuray,B
neuroreef,Satwant Kumar,https://scholar.google.com/citations?user=r4PsqXMAAAAJ&hl=en,"Founder, CEO",,"Austin, Texas, United States",https://twitter.com/Satwant_Kumar_,B
bobomed-care,Andrzej Haremski,https://app.dealroom.co/people/andrzej_haremski,CEO,,"Warsaw, Mazowieckie, Poland",https://twitter.com/AndrzejHaremski,B
radbutter-health,Elan Adler,https://www.linkedin.com/in/adler-elan,Business Management,Non-Management,,,A
radbutter-health,Mert Karabay,https://www.linkedin.com/in/mert-karabay,Business Management,Non-Management,,,A
radbutter-health,Kyle Conklin,https://www.linkedin.com/in/kyle-conklin-rt-r-mr-31589b22,Senior Vice President Operations,"VP
Operations",,,A
unlocked-labs,Michael Foltz,https://www.linkedin.com/in/michael-foltz,Engineering,"Manager
Engineering",,,A
agentai,Sean Xie,,CTO,,,https://twitter.com/ShunxingSeanXie,B
sporo-health,Kimon-Aristotelis Vogt,,CEO,,,https://www.twitter.com/KimonV99,B
sporo-health,Sonu Kumar,,CTO,,,https://twitter.com/crunchbase,B
sporo-health,Chanseo Lee,https://www.linkedin.com/in/chanseoleemit/,CSO,,"New Haven, Connecticut, United States",https://twitter.com/crunchbase,B
mika-008e,Oriana Fuentes,https://www.linkedin.com/in/orianafuentes/,CEO,,,https://twitter.com/crunchbase,B
carelog,Sathis Kumar,https://www.linkedin.com/in/sathisprofile,Co-Founder,Non-Management,,,A
carelog,Aman Alok,https://www.linkedin.com/in/aman-alok-0b70b792,Business Management,Non-Management,,,A
carelog,Sathis Kumar,https://www.linkedin.com/in/sathisprofile/,CTO,,"Erode, Tamil Nadu, India",https://twitter.com/crunchbase,B
carelog,Aman Alok,https://www.linkedin.com/in/aman-alok-0b70b792/,CEO,,"Paris, Ile-de-France, France",https://twitter.com/crunchbase,B
madglove,Cara Knott,https://www.linkedin.com/in/cara-knott-77728923a,Co-Founder,"Executive
Management",,,A
bioeureka,Kim Cayer-Roy,,Board Member,,,https://twitter.com/crunchbase,B
bioeureka,Mohamed M Diallo,,Board Member,,,https://twitter.com/crunchbase,B
bioeureka,Emile Grenier,,Board Member,,,https://twitter.com/crunchbase,B
noma-ai,Salim Malakouti,https://www.linkedin.com/in/salimmalakouti,Business Management,Non-Management,,,A
noma-ai,Gilles Clermont,,Chief Medical Officer and Co-Founder,,,https://twitter.com/crunchbase,B
noma-ai,Salim Malakouti,,CEO and Co-founder,,,https://twitter.com/crunchbase,B
noma-ai,Milos Hauskrecht,,Chief Scientific Officer and Co-Founder,,,https://twitter.com/crunchbase,B
smartrr-solutions,Daniel Warfield,https://www.linkedin.com/in/daniel-warfield-608b47152,Co-Founder,"Executive
Sales",,,A
glooma,Frederick Stock,https://www.linkedin.com/in/fredericostock,Co-Founder,,"Lisbon, Lisboa, Portugal",https://twitter.com/crunchbase,B
glooma,Guilherme Stock,,CIO,,"Braga, Braga, Portugal",https://twitter.com/crunchbase,B
glooma,Francisco Neto Nogueira,https://www.facebook.com/francisco.netonogueira,Co-Founder,,"Lisbon, Lisboa, Portugal",https://twitter.com/crunchbase,B
metastx-llc,Harvey Homan,https://www.linkedin.com/in/harvey-homan-6aabb65/,Chief Executive Officer and Co-Founder,,"Philadelphia, Pennsylvania, United States",https://twitter.com/crunchbase,B
hanalytics-solutions-inc,Shaneel Pathak,https://www.linkedin.com/in/shaneel-pathak-a53566,Co-Founder,,"Calgary, Alberta, Canada",https://twitter.com/crunchbase,B
hanalytics-solutions-inc,Mike Urquhart,,COO/CFO & Cofounder,,,https://twitter.com/crunchbase,B
superpower-d964,Alix Smithson,https://www.linkedin.com/in/alixsmithson,Business Development Manager,"Manager
Marketing",,,A
superpower-d964,Bernice Ruzzo,https://www.linkedin.com/in/bernice-ruzzo-70348727,Accounting & Administration Manager,"Manager
Finance",,,A
superpower-d964,Boiteko Lesetedi,https://www.linkedin.com/in/boiteko-lesetedi-378522a6,Sales Manager,"Manager
Sales",,,A
superpower-d964,Richard Pasquini,https://www.linkedin.com/in/richard-pasquini-285b862b,Associate Manager Manufacturing and Engineering,"Manager
Engineering",,,A
superpower-d964,Art Kazanjian,https://www.linkedin.com/in/art-kazanjian-28653129,GM,"Non-Management
Management",,,A
superpower-d964,Yifei Zhang,https://www.linkedin.com/in/zhangyifei,Vice President of R&D,"Non-Management
Engineering",,,A
superpower-d964,Max Marchione,,Founder,,,https://www.twitter.com/maxmarchione,B
elythea,Reetam Ganguli,,CEO,,,https://www.twitter.com/ReetamGanguli,B
levy-health,Mark Johnson,https://www.linkedin.com/in/mark-johnson-a98a6182,Vice President of Operations,"Non-Management
Operations",,,A
levy-health,Daniel Madero,https://www.linkedin.com/in/dimadero,Consulting,Non-Management,,,A
levy-health,Nina Resetkova,https://www.linkedin.com/in/nina-resetkova-md-mba-561593119,Consulting,Non-Management,,,A
shasta-health,Srinjoy Majumdar,https://www.linkedin.com/in/srinjoym,Co-Founder & CEO,Non-Management,,,A
shasta-health,Pransu D.,https://www.linkedin.com/in/pransudash,Business Management,Non-Management,,,A
shasta-health,Pransu Dash,,CTO,,,https://twitter.com/crunchbase,B
shasta-health,Srinjoy Majumdar,,CEO,,,https://www.twitter.com/SrinjoyMajumdar,B
unlocked-labs,Michael Foltz,https://www.linkedin.com/in/michael-foltz,Engineering,"Manager
Engineering",,,A
kubanda-cryotherapy,Bailey Surtees,https://www.linkedin.com/in/bailey-surtees,CEO,"Non-Management
Management",,,A
kubanda-cryotherapy,Shelly Forbes,https://www.linkedin.com/in/shelly-forbes-90b69725,Business Owner,Non-Management,,,A
kubanda-cryotherapy,Jim Holtz,https://www.linkedin.com/in/jamie-holtz-576751141,Marketing and Product,Director,,,A
kubanda-cryotherapy,Naomi Gordon,https://www.linkedin.com/in/naomi-gordon-79777a189,Engineering,"Non-Management
Engineering",,,A
kubanda-cryotherapy,Bailey Surtees,https://www.linkedin.com/in/bailey-surtees/,CEO and Co-Founder,,,https://twitter.com/crunchbase,B
kubanda-cryotherapy,Clarisse Hu,,CTO and Co-Founder,,,https://twitter.com/crunchbase,B
kubanda-cryotherapy,Nicholas Durr,https://www.linkedin.com/in/ndurr/,Co-Founder,,"Baltimore, Maryland, United States",https://twitter.com/crunchbase,B
pattern-biosciences,Bartolomeo Angelici,https://www.linkedin.com/in/bartolomeo-angelici-b59485a6,"Co-Founder, Vice President, Discovery Research",,"Basel, Basel-Stadt, Switzerland",https://twitter.com/crunchbase,B
pattern-biosciences,Yaakov Benenson,https://www.linkedin.com/in/yaakov-benenson-b7610678,Co-Founder,,"Basel, Basel-Stadt, Switzerland",https://twitter.com/crunchbase,B
pattern-biosciences,Linling Shen,https://www.linkedin.com/in/linling-shen-46938750,"Co-Founder, Vice President, Research & Development",,"Basel, Basel-Stadt, Switzerland",https://twitter.com/crunchbase,B
journeytrack,Ania Rodriguez,https://www.linkedin.com/in/aniah,Chief Executive Officer and Founder,"Executive
Management",,,A
journeytrack,Carol Hindsman,https://www.linkedin.com/in/carol-hindsman-21750b8,Co-Founder and CTO,"Executive
Management",,,A
journeytrack,Claudia Panfil,https://www.linkedin.com/in/claudiapanfil,Fractional Chief Marketing Officer,"Non-Management, Executive
Marketing",,,A
journeytrack,Erryca Robicheaux,https://www.linkedin.com/in/erryca,Senior Enterprise Account Director,"Director
Sales",,,A
journeytrack,Alex D. Rodriguez,https://www.linkedin.com/in/alexdrodriguez,Chief Financial Officer,"Executive
Finance",,,A
journeytrack,"Christin Bowman, PhD",https://www.linkedin.com/in/c-bowman,Marketing and Product,Manager,,,A
journeytrack,John Giannitsis,https://www.linkedin.com/in/johngiannitsis,Finance and Administration,Non-Management,,,A
journeytrack,Ania Rodriguez,http://www.keylimeinteractive.com/,CEO,,"Miami, Florida, United States",https://twitter.com/aniaster,B
topology-health,Josh Liben,,CTO,,,https://twitter.com/crunchbase,B
topology-health,Alexander Goel,,CEO,,,https://twitter.com/crunchbase,B
biophy,Daniel Sciubba,https://www.linkedin.com/in/daniel-sciubba-md-mba-a44028122,"Co-Founder, Chief Medical Officer","Executive
Management",,,A
hhc-medical,Dan Hale,https://www.linkedin.com/in/dan-hale-0bbb0326,Chief Medical Officer,Non-Management,,,A
hhc-medical,Brad O'Shoney,https://www.linkedin.com/in/brad-o-shoney-0206b042,Finance and Administration,Non-Management,,,A
hhc-medical,Carrie Boutwell,https://www.linkedin.com/in/carrie-boutwell-4625a952,Engineering,"Non-Management
Engineering",,,A
hhc-medical,Cody Blue,https://www.linkedin.com/in/cody-blue-13951b28,Operations,"Non-Management
Operations",,,A
hhc-medical,Donna Ivey,https://www.linkedin.com/in/donna-ivey-2a38133a,Healthcare,Non-Management,,,A
hhc-medical,Katie Hampton,https://www.linkedin.com/in/katie-hampton-01799751,Finance and Administration,Non-Management,,,A
hhc-medical,Krystal Keller,https://www.linkedin.com/in/krystal-keller-ab60844a,Healthcare,Non-Management,,,A
hhc-medical,laura Mucerino,https://www.linkedin.com/in/laura-mucerino-36763036,Business Management,Non-Management,,,A
hhc-medical,Lisa Largent,https://www.linkedin.com/in/lisa-largent-503a1849,Healthcare,Non-Management,,,A
hhc-medical,Marissa Bostick,https://www.linkedin.com/in/marisabostick,Sales and Support,Non-Management,,,A
hhc-medical,Niels Jerichau Clausen,https://www.linkedin.com/in/niels-clausen-5766053/,CEO,,,https://twitter.com/crunchbase,B
hhc-medical,Carl Frederik Haugaard,https://www.linkedin.com/in/carl-frederik-haugaard-58a94778/,CSO,,,https://twitter.com/crunchbase,B
xala,Jose Jimenez,,Chief Executive Officer,,,https://twitter.com/crunchbase,B
xala,Jose Santiago Martine,,Cosmetic Chemist & Formulator,,,https://twitter.com/crunchbase,B
unfabled,Hannah Samano,,Founder and CEO,,,https://twitter.com/crunchbase,B
oraltec-7d28,Davide Toffaloni,,Founder,,,https://twitter.com/crunchbase,B
oraltec-7d28,Erica Morsut,,Founder,,,https://twitter.com/crunchbase,B
coprata,Sonia Grego,https://www.linkedin.com/in/sonia-grego,Co-Founder,"Non-Management, Executive
Medical & Science",,,A
coprata,Chase Moyle,https://www.linkedin.com/in/chasemoyle,Chief Executive Officer,"Non-Management, Executive",,,A
coprata,Juan Requena,https://www.linkedin.com/in/juan-jos%C3%A3%C2%A9-botella-requena-1876aa83,Business Management,Non-Management,,,A
coprata,Sonia Grego,,CEO,,,https://twitter.com/crunchbase,B
coprata,Brian Stoner,,Chief Innovation Officer,,,https://twitter.com/crunchbase,B
coprata,Sonia Grego,,Co-Founder,,,https://twitter.com/crunchbase,B
speak-information-technologies,Daniel Finer,https://www.linkedin.com/in/daniel-finer-913b0a101,Engineering,"Non-Management
Engineering",,,A
speak-information-technologies,Kai Skallerud,https://www.linkedin.com/in/kai-skallerud,Founder and CEO,,"Greater Chicago Area, United States, North America",https://twitter.com/crunchbase,B
mindful-mamas-club,Terra LaRock,https://www.linkedin.com/in/terralarock,Founder/CEO,"Executive
Management",,,A
mindful-mamas-club,Tiffany Cornelison,https://www.linkedin.com/in/tiffanycornelison,Director of Product Marketing,"Director
Marketing",,,A
mindful-mamas-club,Amy Gilbert,https://www.linkedin.com/in/amy-gilbert-65097364,Business Management,Non-Management,,,A
mindful-mamas-club,Kristen Schneider,https://www.linkedin.com/in/kristen-schneider-9496099,Product Manager,Non-Management,,,A
mindful-mamas-club,Terra LaRock,https://www.linkedin.com/in/terralarock,Founder and CEO,,"Greater Denver Area, Colorado, United States",https://twitter.com/crunchbase,B
ambra-life,Rohit Chauhan,https://www.linkedin.com/in/rohit-chauhan-2245b260,Scientific Collaborator,,"Kangra, Himachal Pradesh, India",https://twitter.com/crunchbase,B
dudoxx,Walid Boudabbous,,Founder,,"Hamburg, Hamburg, Germany",https://twitter.com/crunchbase,B
dudoxx,Walid Boudabbous,,CTO,,"Hamburg, Hamburg, Germany",https://twitter.com/crunchbase,B
zuri-fertility,Blair Matthews,https://www.linkedin.com/in/blair-matthews-898b6556,Co-Founder & COO,Executive,,,A
zuri-fertility,Beth Holder,https://www.linkedin.com/in/beth-holder-04aa9646,Marketing and Product,Director,,,A
zuri-fertility,Giuliana Zaccardelli,https://www.linkedin.com/in/giulianazaccardelli,Business Management,"Non-Management
Management",,,A
zuri-fertility,Linda Streety (Vignapiano),https://www.linkedin.com/in/linda-streety-vignapiano-b7b7371a,Operations,"Non-Management
Operations",,,A
zuri-fertility,Blair Matthews,,Co-Founder | CEO & President,,,https://twitter.com/crunchbase,B
zuri-fertility,Giuliana Zaccardelli,,Head of Clinical Operations,,,https://twitter.com/giulzacc,B
hi-nexas,Jesse Harris,,CEO,,,https://twitter.com/crunchbase,B
dione-health,Azin Etemadi,,CEO,,,https://www.twitter.com/AzinEtemadi,B
aurabox,Nigel Heap,https://www.linkedin.com/in/nigelheap,Vice President of Engineering,,,,A
aurabox,Christopher Skene,https://www.linkedin.com/in/xtfer/,CTO & Founder,,"Canberra, Australian Capital Territory, Australia",https://twitter.com/crunchbase,B
health-click-away,Ruchika Gupta,https://www.linkedin.com/in/ruchika-gupta-68b3841a,Chief Executive Officer & Founder,"Executive
Management",,,A
health-click-away,Shanti Leavitt,https://www.linkedin.com/in/shanti-leavitt-59285ab2,Sales and Support,Manager,,,A
health-click-away,Deborah Davis,https://www.linkedin.com/in/deborahsdavis,Business Management,Non-Management,,,A
healf-mx,Rafael Gutiérrez,,Head of Operations,,,https://twitter.com/crunchbase,B
healf-mx,Federico Fernández de la Regata Torres,,CEO and Founder,,,https://twitter.com/crunchbase,B
scriptchain-health,Moh Noori,https://www.linkedin.com/in/moh-noori-a77b82196,Founder,"Executive
Management",,,A
scriptchain-health,Moh Noori,https://www.linkedin.com/in/moh-noori,Founder,"Non-Management, Executive
Management",,,A
scriptchain-health,Moh Noori,,Founder and CEO,,,https://twitter.com/mohnoori91?lang=en,B
marble-therapeutics-inc,Aniq Kassam,,Board Observer,,"New York, New York, United States",https://twitter.com/crunchbase,B
accelerate-dental-holdings,Tom Sorber,https://www.linkedin.com/in/tomsorber,Co-Founder / COO,"Executive
Management",,,A
accelerate-dental-holdings,Amberli Warner,https://www.linkedin.com/in/amberli-warner-665051211,Director Program Management,"Director
Product",,,A
accelerate-dental-holdings,Tom Sorber,https://www.facebook.com/thomas.sorber,Co-Founder and COO,,"Salt Lake City, Utah, United States",https://twitter.com/crunchbase,B
accelerate-dental-holdings,Mike Baird,https://www.linkedin.com/in/bairdmike,Co-Founder and CEO,,"Washington, District of Columbia, United States",https://twitter.com/bairdmike,B
vk-digital-health,Charles Nahabedian,https://www.linkedin.com/in/cnahabedian,Chief Executive Officer,"Non-Management, Executive
Management",,,A
vk-digital-health,Charles Nahabedian,https://www.linkedin.com/in/cnahabedian,Chief Executive Officer,,"Potomac, Maryland, United States",https://twitter.com/crunchbase,B
vk-digital-health,Vincent Waterson,https://www.linkedin.com/in/vincentwaterson,Chairman,,"Ventura, California, United States",https://twitter.com/crunchbase,B
hyka,Christopher Hoff,https://www.linkedin.com/in/christopher-hoff-3ba95819,COO,"Executive
Management",,,A
hyka,Jeronimo Beccar,https://www.linkedin.com/in/jeronimo-beccar-b156ba3,Business Management,Non-Management,,,A
hyka,Nick Nissen,,CMO,,,https://twitter.com/crunchbase,B
hyka,Jeronimo Beccar,https://www.linkedin.com/in/jerobeccar/,CEO & Co-Founder,,"Cambridge, Massachusetts, United States",https://twitter.com/crunchbase,B
kismet-8171,Stefan Cordiner,https://www.linkedin.com/in/stefancordiner,COO / Co-Founder,"Non-Management, Executive
Operations",,,A
kismet-8171,Shanti Dhanaraj,https://www.linkedin.com/in/shanti-dhanaraj-616578121,Community Partner,"Non-Management
Management",,,A
kismet-8171,Kimberly Urdiales,https://www.linkedin.com/in/kimberly-urdiales-6b860711b,Business Management,Non-Management,,,A
kismet-8171,Rachel Villanueva,https://www.linkedin.com/in/rachel-villanueva,Business Management,Non-Management,,,A
kismet-8171,charlotte Whitney,https://www.linkedin.com/in/charlotte-whitney-bba2989,Business Management,Non-Management,,,A
kismet-8171,John Gough,https://www.linkedin.com/in/john-gough-385b8130,Business Management,Non-Management,,,A
kismet-8171,Mark Woodland,https://www.kismet.healthcare/,Founder and CEO,,"Melbourne, Victoria, Australia",https://twitter.com/MarkAWoodland?lang=en,B
kismet-8171,Sam Armstrong,,Co-Founder & CECO,,,https://twitter.com/crunchbase,B
kismet-8171,Stefan Cordiner,http://about.me/stefancordiner,COO / Co-Founder,,"Sydney, New South Wales, Australia",http://twitter.com/StefanCordiner,B
kismet-8171,Mathew Ellis,,Co-Founder and CTO,,,https://twitter.com/crunchbase,B
kismet-8171,Lauren Grimes,,Co-Founder and CXO,,,https://twitter.com/crunchbase,B
kismet-8171,Shanti Dhanaraj,,Community Partner,,,https://twitter.com/crunchbase,B
protoqual-learning-system,Alex Altman,https://www.linkedin.com/in/alexaltmanpq,Chief Operating Officer,"Non-Management, Executive
Management, Operations",,,A
protoqual-learning-system,Alan Altman,https://www.linkedin.com/in/alanaltmanmd,Chief Executive Officer,"Non-Management
Management",,,A
protoqual-learning-system,Alex Altman,https://www.linkedin.com/in/alex-altman-7278a7123,Chief Operating Officer,"Non-Management
Operations",,,A
protoqual-learning-system,Alan Altman,https://www.linkedin.com/in/alanaltmanmd,Founder and CEO,,"Nevada, United States, North America",https://twitter.com/crunchbase,B
protoqual-learning-system,Alex Altman,https://www.linkedin.com/in/alex-altman-7278a7123,Chief Operating Officer,,"Rancho Mirage, California, United States",https://twitter.com/crunchbase,B
protoqual-learning-system,Matt McHale,https://www.linkedin.com/in/therealmattmchale/,Chief Revenue Officer,,"Philadelphia, Pennsylvania, United States",https://twitter.com/crunchbase,B
auxhealth,"Daniel Hsu,",https://www.linkedin.com/in/daniel-hsu-1118b96,Owner,Non-Management,,,A
auxhealth,Kathleen Tomes,https://www.linkedin.com/in/kathleen-tomes-40008012,CEO,Non-Management,,,A
auxhealth,Ilya Valmianski,https://www.linkedin.com/in/ilya-x-valmianski,Operations,"Non-Management
Operations",,,A
auxhealth,Iris Yan,https://www.linkedin.com/in/iris-yan-53995b1a5,Operations,"Non-Management
Operations",,,A
auxhealth,Yuqiao C.,https://www.linkedin.com/in/yuqiaochen,Engineering,"Non-Management
Engineering",,,A
auxhealth,William Shen,https://www.facebook.com/thewilliamshen,Co-Founder,,"Boston, Massachusetts, United States",https://twitter.com/williamzshen,B
knowlepsy,Ali-Frederic Ben-Amor,https://www.linkedin.com/in/ali-frederic-ben-amor-411275189,Co-Founder,"Executive
Management",,,A
malla-364e,Bethan Thomas,https://www.linkedin.com/in/bethan-thomas-87331620,Marketing and Product,Director,,,A
malla-364e,Harry Dipple,https://www.linkedin.com/in/harry-dipple-a5a007108,Sales and Support,Manager,,,A
malla-364e,Ammar Mian,https://www.linkedin.com/in/ammar-mian,Business Management,Non-Management,,,A
malla-364e,Alla Lakhman,https://www.linkedin.com/in/alla-lakhman-4b540128,Business Management,Manager,,,A
malla-364e,Morris Esformes,https://www.linkedin.com/in/morris-esformes,Co-Founder,,"Los Angeles, California, United States",https://twitter.com/crunchbase,B
kismet-health,Kim Williamson,https://www.linkedin.com/in/kim-williamson-0a14006,Creative Director,"Director
Marketing",,,A
kismet-health,Jeremy Gouveia,https://www.linkedin.com/in/jeremygouveia,Chief Executive Officer,"Non-Management
Management",,,A
creative-life-lab-inc,Israel Almeida,https://www.linkedin.com/in/israel-almeida-9b7403219,Creative Director,"Director
Marketing",,,A
creative-life-lab-inc,Caio Almeida,https://www.linkedin.com/in/caio-almeida-28716728,Chief Technology Officer,"Non-Management
Engineering",,,A
creative-life-lab-inc,Nezahat Ozlem Arat,,CEO,,,https://twitter.com/crunchbase,B
acesis-biomed,Vassilios Papadopoulos,,"Chairman of SAB, Director, and Co-Founder",,,https://twitter.com/crunchbase,B
acesis-biomed,Costas Karatzas,,"CEO, Director, and Co-Founder",,,https://twitter.com/crunchbase,B
simmunome-ai,Armstrong Murira,https://www.linkedin.com/in/armstrong-murira-a080b223,Marketing and Product,Manager,,,A
simmunome-ai,Nardin Nakhla,https://www.facebook.com/nardin.nakhla,CTO and Co-Founder,,"Montréal, Quebec, Canada",https://twitter.com/crunchbase,B
belong-ly,Danielle Allen,https://www.yourmomentoftruth.design/,Clinical Outreach and Development Manager,,"Vestal, New York, United States",https://twitter.com/crunchbase,B
belong-ly,Doug Kaufman,,"CEO, Co-Founder",,,https://twitter.com/crunchbase,B
belong-ly,David Rasch,https://www.linkedin.com/in/rasch,"CTO, Co-Founder",,"Cary, North Carolina, United States",https://twitter.com/crunchbase,B
4pets-care,Javier de la Hoz,https://up3.in/nosotros/,CEO & Founder,,"Madrid, Madrid, Spain",https://www.twitter.com/javierdelahozm,B
upper-3028,Sara Auld,https://www.linkedin.com/in/saraauld,Founder and CEO,"Executive
Management",,,A
upper-3028,Sara Auld,,Founder & CEO,,,https://twitter.com/crunchbase,B
decentracare,Matthew Richardson,,CEO,,,https://twitter.com/crunchbase,B
justhealth,Maximilian Roederstein,https://just-health.care/,CPO,,"München, Bayern, Germany",https://twitter.com/crunchbase,B
pulzaid,Chris Consoles,https://www.linkedin.com/in/chris-consoles-78b03917b,Sales and Support,Director,,,A
pulzaid,Brendan Liu,https://www.linkedin.com/in/brendan-liu,Co-CEO and Co-Founder,,,,A
pulzaid,Brendan Liu,https://www.linkedin.com/in/brendan-liu/,CEO & Co-Founder,,"Los Angeles, California, United States",https://twitter.com/crunchbase,B
enavvi,Kishan Patel,https://www.linkedin.com/in/kishanpat95,Engineering,"Non-Management
Engineering",,,A
enavvi,Simon Chang,,CEO,,,https://twitter.com/crunchbase,B
enavvi,Reddy Pathakota,,CFO,,,https://twitter.com/crunchbase,B
enavvi,Alexander Prevallet,,CGO,,,https://twitter.com/crunchbase,B
therab-medical,Alexa Jones,https://www.linkedin.com/in/alexajones1,Founder and CEO,"Non-Management, Executive
Management, Operations",,,A
therab-medical,Alexa Jones,https://www.linkedin.com/in/alexajones1/,Founder and CEO,,"Lansing, Michigan, United States",https://twitter.com/crunchbase,B
paperade,Elijah Buford,https://www.linkedin.com/in/elijahbuford,Co-Founder & CEO,"Executive
Management",,,A
paperade,Elijah Buford,,Co-Founder & CEO,,"United States, North America",https://twitter.com/crunchbase,B
paperade,Francois Birrori,,Co-Founder & CTO,,,https://twitter.com/crunchbase,B
bioeureka,Kim Cayer-Roy,,Board Member,,,https://twitter.com/crunchbase,B
bioeureka,Mohamed M Diallo,,Board Member,,,https://twitter.com/crunchbase,B
bioeureka,Emile Grenier,,Board Member,,,https://twitter.com/crunchbase,B
moody,Samantha Moody,https://www.linkedin.com/in/samantha-moody-6a6525140,Business Management,Non-Management,,,A
moody,Karla Vitrone,https://www.linkedin.com/in/karla-vitrone-83362413,Co-Founder + COO,"Executive
Operations",,,A
moody,Karla Vitrone,https://www.linkedin.com/in/karla-vitrone-83362413,Co-Founder,,"New York, New York, United States",https://twitter.com/crunchbase,B
moody,Ingrid Dahl-Olsen,https://www.linkedin.com/in/ingridelin,CTO,,"England, United Kingdom, Europe",https://twitter.com/crunchbase,B
moody,Lola Ross,https://www.linkedin.com/in/lola-ross-bsc-mbant-cnhc-2861143,Co-Founder and Head of Nutrition,,"London, England, United Kingdom",https://twitter.com/crunchbase,B
moody,Amy Thomson,https://www.linkedin.com/in/amy-thomson-ab056325,Co-Founder,,"London, England, United Kingdom",https://twitter.com/crunchbase,B
pulse-charter-connect,Laura Epstein,https://www.linkedin.com/in/laura-epstein-mba,Business Management,Non-Management,,,A
biophysical-therapeutics,Michael Forrest,,Founder CEO,,,https://twitter.com/Forrest_PhD,B
sensible-biotechnologies,Kendra Berger,https://www.linkedin.com/in/kendra-berger-93ab50,Executive Director Finance and Controller,"Non-Management
Finance",,,A
sensible-biotechnologies,Paul Sobotka,https://www.linkedin.com/in/pasobotka,Vice President Clinical Research,"Non-Management
Management",,,A
sensible-biotechnologies,Miroslav Gasparek,,CEO & Founder,,,https://twitter.com/crunchbase,B
mineral-city-biotechnologies,Travis Meyer,https://www.linkedin.com/in/travisemeyer/,"CEO, CIO",,,https://twitter.com/crunchbase,B
mineral-city-biotechnologies,Chandana Kurra,,President,,,https://twitter.com/crunchbase,B
bluemind-ai,Roman Fitzjalen,https://www.linkedin.com/in/roman-fitzjalen-2a7176215,Chief Executive Officer,"Non-Management
Management",,,A
bluemind-ai,Roman Fitzjalen,,CEO,,,https://twitter.com/crunchbase,B
genevation,Prasun Chakraborty,,CEO and Founder,,,https://twitter.com/crunchbase,B
pd-buddy,Beatirce Zatorska,https://pdbuddy.app/,Founder & CEO,,"Oxford, Oxfordshire, United Kingdom",https://twitter.com/crunchbase,B
